0.000000	0.995376
2.000000	0.995390
4.000000	0.995433
6.000000	0.995504
8.000000	0.995602
10.000000	0.995728
12.000000	0.995880
14.000000	0.996058
16.000000	0.996259
18.000000	0.996484
20.000000	0.996731
22.000000	0.996998
24.000000	0.997283
26.000000	0.997585
28.000000	0.997902
30.000000	0.998232
32.000000	0.998572
34.000000	0.998922
36.000000	0.999278
38.000000	0.999639
40.000000	1.000002
42.000000	1.000365
44.000000	1.000726
46.000000	1.001082
48.000000	1.001432
50.000000	1.001773
52.000000	1.002103
54.000000	1.002420
56.000000	1.002722
58.000000	1.003008
60.000000	1.003275
62.000000	1.003521
64.000000	1.003747
66.000000	1.003948
68.000000	1.004126
70.000000	1.004278
72.000000	1.004404
74.000000	1.004503
76.000000	1.004574
78.000000	1.004617
80.000000	1.004631
82.000000	1.004617
84.000000	1.004574
86.000000	1.004503
88.000000	1.004404
90.000000	1.004278
92.000000	1.004126
94.000000	1.003948
96.000000	1.003746
98.000000	1.003520
100.000000	1.003273
102.000000	1.003006
104.000000	1.002720
106.000000	1.002417
108.000000	1.002100
110.000000	1.001769
112.000000	1.001427
114.000000	1.001077
116.000000	1.000719
118.000000	1.000357
120.000000	0.999993
122.000000	0.999629
124.000000	0.999267
126.000000	0.998910
128.000000	0.998559
130.000000	0.998217
132.000000	0.997886
134.000000	0.997567
136.000000	0.997264
138.000000	0.996978
140.000000	0.996710
142.000000	0.996462
144.000000	0.996236
146.000000	0.996033
148.000000	0.995855
150.000000	0.995702
152.000000	0.995576
154.000000	0.995477
156.000000	0.995405
158.000000	0.995362
160.000000	0.995348
162.000000	0.995362
164.000000	0.995405
166.000000	0.995477
168.000000	0.995576
170.000000	0.995703
172.000000	0.995856
174.000000	0.996034
176.000000	0.996238
178.000000	0.996464
180.000000	0.996712
182.000000	0.996981
184.000000	0.997269
186.000000	0.997573
188.000000	0.997893
190.000000	0.998225
192.000000	0.998569
194.000000	0.998922
196.000000	0.999281
198.000000	0.999645
200.000000	1.000011
202.000000	1.000378
204.000000	1.000742
206.000000	1.001102
208.000000	1.001455
210.000000	1.001799
212.000000	1.002132
214.000000	1.002453
216.000000	1.002758
218.000000	1.003046
220.000000	1.003316
222.000000	1.003565
224.000000	1.003793
226.000000	1.003997
228.000000	1.004177
230.000000	1.004331
232.000000	1.004458
234.000000	1.004558
236.000000	1.004630
238.000000	1.004673
240.000000	1.004687
242.000000	1.004673
244.000000	1.004630
246.000000	1.004558
248.000000	1.004458
250.000000	1.004330
252.000000	1.004176
254.000000	1.003996
256.000000	1.003791
258.000000	1.003562
260.000000	1.003312
262.000000	1.003041
264.000000	1.002751
266.000000	1.002444
268.000000	1.002122
270.000000	1.001786
272.000000	1.001439
274.000000	1.001084
276.000000	1.000721
278.000000	1.000354
280.000000	0.999984
282.000000	0.999614
284.000000	0.999247
286.000000	0.998884
288.000000	0.998527
290.000000	0.998180
292.000000	0.997843
294.000000	0.997520
296.000000	0.997211
298.000000	0.996920
300.000000	0.996648
302.000000	0.996396
304.000000	0.996166
306.000000	0.995960
308.000000	0.995778
310.000000	0.995623
312.000000	0.995494
314.000000	0.995393
316.000000	0.995321
318.000000	0.995277
320.000000	0.995263
322.000000	0.995277
324.000000	0.995321
326.000000	0.995394
328.000000	0.995495
330.000000	0.995624
332.000000	0.995780
334.000000	0.995962
336.000000	0.996169
338.000000	0.996400
340.000000	0.996653
342.000000	0.996928
344.000000	0.997221
346.000000	0.997532
348.000000	0.997858
350.000000	0.998197
352.000000	0.998548
354.000000	0.998908
356.000000	0.999275
358.000000	0.999647
360.000000	1.000021
362.000000	1.000395
364.000000	1.000767
366.000000	1.001135
368.000000	1.001496
370.000000	1.001848
372.000000	1.002189
374.000000	1.002516
376.000000	1.002828
378.000000	1.003123
380.000000	1.003399
382.000000	1.003655
384.000000	1.003887
386.000000	1.004096
388.000000	1.004280
390.000000	1.004438
392.000000	1.004568
394.000000	1.004671
396.000000	1.004744
398.000000	1.004788
400.000000	1.004803
402.000000	1.004788
404.000000	1.004744
406.000000	1.004670
408.000000	1.004568
410.000000	1.004437
412.000000	1.004279
414.000000	1.004094
416.000000	1.003884
418.000000	1.003649
420.000000	1.003392
422.000000	1.003114
424.000000	1.002816
426.000000	1.002501
428.000000	1.002170
430.000000	1.001826
432.000000	1.001469
434.000000	1.001104
436.000000	1.000731
438.000000	1.000354
440.000000	0.999974
442.000000	0.999594
444.000000	0.999216
446.000000	0.998842
448.000000	0.998476
450.000000	0.998118
452.000000	0.997772
454.000000	0.997439
456.000000	0.997122
458.000000	0.996822
460.000000	0.996541
462.000000	0.996282
464.000000	0.996045
466.000000	0.995833
468.000000	0.995646
470.000000	0.995486
472.000000	0.995353
474.000000	0.995249
476.000000	0.995174
478.000000	0.995129
480.000000	0.995114
482.000000	0.995129
484.000000	0.995175
486.000000	0.995249
488.000000	0.995354
490.000000	0.995487
492.000000	0.995648
494.000000	0.995836
496.000000	0.996050
498.000000	0.996289
500.000000	0.996550
502.000000	0.996834
504.000000	0.997137
506.000000	0.997458
508.000000	0.997795
510.000000	0.998146
512.000000	0.998508
514.000000	0.998881
516.000000	0.999260
518.000000	0.999645
520.000000	1.000032
522.000000	1.000419
524.000000	1.000804
526.000000	1.001185
528.000000	1.001559
530.000000	1.001923
532.000000	1.002276
534.000000	1.002615
536.000000	1.002939
538.000000	1.003244
540.000000	1.003530
542.000000	1.003795
544.000000	1.004036
546.000000	1.004253
548.000000	1.004444
550.000000	1.004607
552.000000	1.004742
554.000000	1.004848
556.000000	1.004925
558.000000	1.004971
560.000000	1.004986
562.000000	1.004971
564.000000	1.004925
566.000000	1.004848
568.000000	1.004742
570.000000	1.004606
572.000000	1.004441
574.000000	1.004249
576.000000	1.004031
578.000000	1.003787
580.000000	1.003520
582.000000	1.003230
584.000000	1.002921
586.000000	1.002593
588.000000	1.002248
590.000000	1.001890
592.000000	1.001519
594.000000	1.001139
596.000000	1.000751
598.000000	1.000358
600.000000	0.999962
602.000000	0.999566
604.000000	0.999172
606.000000	0.998783
608.000000	0.998401
610.000000	0.998028
612.000000	0.997667
614.000000	0.997320
616.000000	0.996989
618.000000	0.996677
620.000000	0.996384
622.000000	0.996113
624.000000	0.995866
626.000000	0.995645
628.000000	0.995450
630.000000	0.995282
632.000000	0.995144
634.000000	0.995035
636.000000	0.994957
638.000000	0.994910
640.000000	0.994894
642.000000	0.994910
644.000000	0.994957
646.000000	0.995036
648.000000	0.995145
650.000000	0.995284
652.000000	0.995452
654.000000	0.995649
656.000000	0.995873
658.000000	0.996123
660.000000	0.996397
662.000000	0.996693
664.000000	0.997011
666.000000	0.997347
668.000000	0.997700
670.000000	0.998068
672.000000	0.998448
674.000000	0.998838
676.000000	0.999236
678.000000	0.999639
680.000000	1.000045
682.000000	1.000451
684.000000	1.000855
686.000000	1.001255
688.000000	1.001647
690.000000	1.002029
692.000000	1.002400
694.000000	1.002756
696.000000	1.003095
698.000000	1.003416
700.000000	1.003717
702.000000	1.003995
704.000000	1.004248
706.000000	1.004476
708.000000	1.004677
710.000000	1.004849
712.000000	1.004991
714.000000	1.005102
716.000000	1.005183
718.000000	1.005231
720.000000	1.005247
722.000000	1.005231
724.000000	1.005182
726.000000	1.005102
728.000000	1.004990
730.000000	1.004847
732.000000	1.004673
734.000000	1.004471
736.000000	1.004241
738.000000	1.003984
740.000000	1.003702
742.000000	1.003397
744.000000	1.003071
746.000000	1.002725
748.000000	1.002361
750.000000	1.001983
752.000000	1.001592
754.000000	1.001190
756.000000	1.000780
758.000000	1.000365
760.000000	0.999947
762.000000	0.999529
764.000000	0.999113
766.000000	0.998702
768.000000	0.998298
770.000000	0.997904
772.000000	0.997522
774.000000	0.997155
776.000000	0.996805
778.000000	0.996475
780.000000	0.996165
782.000000	0.995879
784.000000	0.995617
786.000000	0.995382
788.000000	0.995176
790.000000	0.994998
792.000000	0.994852
794.000000	0.994737
796.000000	0.994654
798.000000	0.994604
800.000000	0.994587
802.000000	0.994604
804.000000	0.994654
806.000000	0.994737
808.000000	0.994853
810.000000	0.995001
812.000000	0.995180
814.000000	0.995388
816.000000	0.995626
818.000000	0.995891
820.000000	0.996182
822.000000	0.996497
824.000000	0.996834
826.000000	0.997192
828.000000	0.997567
830.000000	0.997958
832.000000	0.998362
834.000000	0.998777
836.000000	0.999200
838.000000	0.999629
840.000000	1.000061
842.000000	1.000494
844.000000	1.000924
846.000000	1.001349
848.000000	1.001766
850.000000	1.002174
852.000000	1.002569
854.000000	1.002948
856.000000	1.003310
858.000000	1.003652
860.000000	1.003973
862.000000	1.004269
864.000000	1.004539
866.000000	1.004782
868.000000	1.004996
870.000000	1.005180
872.000000	1.005332
874.000000	1.005451
876.000000	1.005536
878.000000	1.005588
880.000000	1.005605
882.000000	1.005588
884.000000	1.005536
886.000000	1.005450
888.000000	1.005330
890.000000	1.005177
892.000000	1.004992
894.000000	1.004775
896.000000	1.004529
898.000000	1.004254
900.000000	1.003953
902.000000	1.003626
904.000000	1.003276
906.000000	1.002906
908.000000	1.002517
910.000000	1.002111
912.000000	1.001692
914.000000	1.001261
916.000000	1.000822
918.000000	1.000377
920.000000	0.999929
922.000000	0.999480
924.000000	0.999034
926.000000	0.998592
928.000000	0.998159
930.000000	0.997736
932.000000	0.997326
934.000000	0.996932
936.000000	0.996556
938.000000	0.996200
940.000000	0.995868
942.000000	0.995560
944.000000	0.995279
946.000000	0.995026
948.000000	0.994804
950.000000	0.994613
952.000000	0.994455
954.000000	0.994331
956.000000	0.994242
958.000000	0.994189
960.000000	0.994171
962.000000	0.994189
964.000000	0.994243
966.000000	0.994332
968.000000	0.994457
970.000000	0.994616
972.000000	0.994809
974.000000	0.995034
976.000000	0.995291
978.000000	0.995577
980.000000	0.995891
982.000000	0.996231
984.000000	0.996595
986.000000	0.996981
988.000000	0.997386
990.000000	0.997809
992.000000	0.998245
994.000000	0.998694
996.000000	0.999152
998.000000	0.999615
1000.000000	1.000083
1002.000000	1.000550
1004.000000	1.001016
1006.000000	1.001476
1008.000000	1.001928
1010.000000	1.002369
1012.000000	1.002797
1014.000000	1.003208
1016.000000	1.003600
1018.000000	1.003971
1020.000000	1.004318
1022.000000	1.004639
1024.000000	1.004933
1026.000000	1.005196
1028.000000	1.005428
1030.000000	1.005627
1032.000000	1.005792
1034.000000	1.005922
1036.000000	1.006015
1038.000000	1.006071
1040.000000	1.006090
1042.000000	1.006071
1044.000000	1.006014
1046.000000	1.005921
1048.000000	1.005790
1050.000000	1.005624
1052.000000	1.005422
1054.000000	1.005187
1056.000000	1.004919
1058.000000	1.004619
1060.000000	1.004291
1062.000000	1.003935
1064.000000	1.003554
1066.000000	1.003151
1068.000000	1.002727
1070.000000	1.002285
1072.000000	1.001827
1074.000000	1.001358
1076.000000	1.000879
1078.000000	1.000393
1080.000000	0.999904
1082.000000	0.999414
1084.000000	0.998926
1086.000000	0.998444
1088.000000	0.997971
1090.000000	0.997509
1092.000000	0.997061
1094.000000	0.996630
1096.000000	0.996219
1098.000000	0.995830
1100.000000	0.995466
1102.000000	0.995129
1104.000000	0.994821
1106.000000	0.994545
1108.000000	0.994302
1110.000000	0.994093
1112.000000	0.993920
1114.000000	0.993784
1116.000000	0.993686
1118.000000	0.993628
1120.000000	0.993608
1122.000000	0.993628
1124.000000	0.993687
1126.000000	0.993785
1128.000000	0.993922
1130.000000	0.994097
1132.000000	0.994309
1134.000000	0.994556
1136.000000	0.994838
1138.000000	0.995152
1140.000000	0.995498
1142.000000	0.995872
1144.000000	0.996272
1146.000000	0.996696
1148.000000	0.997142
1150.000000	0.997607
1152.000000	0.998088
1154.000000	0.998582
1156.000000	0.999086
1158.000000	0.999597
1160.000000	1.000112
1162.000000	1.000628
1164.000000	1.001141
1166.000000	1.001648
1168.000000	1.002147
1170.000000	1.002634
1172.000000	1.003106
1174.000000	1.003560
1176.000000	1.003993
1178.000000	1.004402
1180.000000	1.004786
1182.000000	1.005141
1184.000000	1.005465
1186.000000	1.005757
1188.000000	1.006013
1190.000000	1.006234
1192.000000	1.006416
1194.000000	1.006559
1196.000000	1.006662
1198.000000	1.006724
1200.000000	1.006745
1202.000000	1.006724
1204.000000	1.006662
1206.000000	1.006558
1208.000000	1.006414
1210.000000	1.006229
1212.000000	1.006005
1214.000000	1.005744
1216.000000	1.005446
1218.000000	1.005114
1220.000000	1.004749
1222.000000	1.004354
1224.000000	1.003931
1226.000000	1.003482
1228.000000	1.003010
1230.000000	1.002519
1232.000000	1.002010
1234.000000	1.001487
1236.000000	1.000954
1238.000000	1.000413
1240.000000	0.999868
1242.000000	0.999323
1244.000000	0.998780
1246.000000	0.998242
1248.000000	0.997714
1250.000000	0.997199
1252.000000	0.996699
1254.000000	0.996218
1256.000000	0.995759
1258.000000	0.995325
1260.000000	0.994919
1262.000000	0.994542
1264.000000	0.994198
1266.000000	0.993889
1268.000000	0.993617
1270.000000	0.993384
1272.000000	0.993190
1274.000000	0.993038
1276.000000	0.992929
1278.000000	0.992863
1280.000000	0.992841
1282.000000	0.992863
1284.000000	0.992929
1286.000000	0.993040
1288.000000	0.993193
1290.000000	0.993389
1292.000000	0.993627
1294.000000	0.993905
1296.000000	0.994221
1298.000000	0.994574
1300.000000	0.994962
1302.000000	0.995382
1304.000000	0.995832
1306.000000	0.996310
1308.000000	0.996811
1310.000000	0.997334
1312.000000	0.997876
1314.000000	0.998432
1316.000000	0.998999
1318.000000	0.999575
1320.000000	1.000155
1322.000000	1.000736
1324.000000	1.001315
1326.000000	1.001887
1328.000000	1.002450
1330.000000	1.002999
1332.000000	1.003532
1334.000000	1.004044
1336.000000	1.004534
1338.000000	1.004996
1340.000000	1.005430
1342.000000	1.005832
1344.000000	1.006198
1346.000000	1.006528
1348.000000	1.006818
1350.000000	1.007068
1352.000000	1.007274
1354.000000	1.007436
1356.000000	1.007553
1358.000000	1.007624
1360.000000	1.007647
1362.000000	1.007624
1364.000000	1.007553
1366.000000	1.007435
1368.000000	1.007271
1370.000000	1.007061
1372.000000	1.006807
1374.000000	1.006510
1376.000000	1.006171
1378.000000	1.005794
1380.000000	1.005379
1382.000000	1.004929
1384.000000	1.004447
1386.000000	1.003936
1388.000000	1.003399
1390.000000	1.002838
1392.000000	1.002259
1394.000000	1.001663
1396.000000	1.001055
1398.000000	1.000437
1400.000000	0.999815
1402.000000	0.999192
1404.000000	0.998572
1406.000000	0.997958
1408.000000	0.997354
1410.000000	0.996765
1412.000000	0.996193
1414.000000	0.995643
1416.000000	0.995118
1418.000000	0.994621
1420.000000	0.994155
1422.000000	0.993724
1424.000000	0.993330
1426.000000	0.992975
1428.000000	0.992663
1430.000000	0.992395
1432.000000	0.992173
1434.000000	0.991999
1436.000000	0.991873
1438.000000	0.991797
1440.000000	0.991772
1442.000000	0.991797
1444.000000	0.991874
1446.000000	0.992001
1448.000000	0.992177
1450.000000	0.992403
1452.000000	0.992677
1454.000000	0.992997
1456.000000	0.993362
1458.000000	0.993769
1460.000000	0.994217
1462.000000	0.994702
1464.000000	0.995221
1466.000000	0.995773
1468.000000	0.996352
1470.000000	0.996957
1472.000000	0.997583
1474.000000	0.998226
1476.000000	0.998883
1478.000000	0.999550
1480.000000	1.000222
1482.000000	1.000895
1484.000000	1.001566
1486.000000	1.002229
1488.000000	1.002882
1490.000000	1.003520
1492.000000	1.004138
1494.000000	1.004733
1496.000000	1.005302
1498.000000	1.005840
1500.000000	1.006344
1502.000000	1.006811
1504.000000	1.007238
1506.000000	1.007622
1508.000000	1.007960
1510.000000	1.008250
1512.000000	1.008491
1514.000000	1.008680
1516.000000	1.008816
1518.000000	1.008899
1520.000000	1.008926
1522.000000	1.008899
1524.000000	1.008816
1526.000000	1.008678
1528.000000	1.008486
1530.000000	1.008241
1532.000000	1.007943
1534.000000	1.007595
1536.000000	1.007199
1538.000000	1.006756
1540.000000	1.006269
1542.000000	1.005742
1544.000000	1.005176
1546.000000	1.004576
1548.000000	1.003945
1550.000000	1.003287
1552.000000	1.002605
1554.000000	1.001905
1556.000000	1.001189
1558.000000	1.000463
1560.000000	0.999730
1562.000000	0.998996
1564.000000	0.998264
1566.000000	0.997541
1568.000000	0.996828
1570.000000	0.996133
1572.000000	0.995458
1574.000000	0.994808
1576.000000	0.994187
1578.000000	0.993599
1580.000000	0.993048
1582.000000	0.992538
1584.000000	0.992071
1586.000000	0.991651
1588.000000	0.991281
1590.000000	0.990963
1592.000000	0.990700
1594.000000	0.990493
1596.000000	0.990344
1598.000000	0.990254
1600.000000	0.990224
1602.000000	0.990254
1604.000000	0.990345
1606.000000	0.990496
1608.000000	0.990706
1610.000000	0.990975
1612.000000	0.991302
1614.000000	0.991684
1616.000000	0.992119
1618.000000	0.992605
1620.000000	0.993140
1622.000000	0.993719
1624.000000	0.994341
1626.000000	0.995000
1628.000000	0.995694
1630.000000	0.996418
1632.000000	0.997168
1634.000000	0.997939
1636.000000	0.998727
1638.000000	0.999527
1640.000000	1.000334
1642.000000	1.001143
1644.000000	1.001949
1646.000000	1.002747
1648.000000	1.003532
1650.000000	1.004300
1652.000000	1.005044
1654.000000	1.005762
1656.000000	1.006447
1658.000000	1.007096
1660.000000	1.007705
1662.000000	1.008269
1664.000000	1.008785
1666.000000	1.009249
1668.000000	1.009658
1670.000000	1.010010
1672.000000	1.010301
1674.000000	1.010530
1676.000000	1.010695
1678.000000	1.010795
1680.000000	1.010829
1682.000000	1.010795
1684.000000	1.010694
1686.000000	1.010527
1688.000000	1.010293
1690.000000	1.009995
1692.000000	1.009632
1694.000000	1.009208
1696.000000	1.008725
1698.000000	1.008184
1700.000000	1.007590
1702.000000	1.006946
1704.000000	1.006255
1706.000000	1.005521
1708.000000	1.004749
1710.000000	1.003942
1712.000000	1.003107
1714.000000	1.002248
1716.000000	1.001370
1718.000000	1.000478
1720.000000	0.999578
1722.000000	0.998676
1724.000000	0.997776
1726.000000	0.996885
1728.000000	0.996009
1730.000000	0.995151
1732.000000	0.994319
1734.000000	0.993517
1736.000000	0.992750
1738.000000	0.992024
1740.000000	0.991343
1742.000000	0.990712
1744.000000	0.990134
1746.000000	0.989614
1748.000000	0.989155
1750.000000	0.988761
1752.000000	0.988434
1754.000000	0.988177
1756.000000	0.987992
1758.000000	0.987880
1760.000000	0.987842
1762.000000	0.987880
1764.000000	0.987993
1766.000000	0.988181
1768.000000	0.988444
1770.000000	0.988780
1772.000000	0.989188
1774.000000	0.989666
1776.000000	0.990211
1778.000000	0.990820
1780.000000	0.991490
1782.000000	0.992217
1784.000000	0.992997
1786.000000	0.993825
1788.000000	0.994698
1790.000000	0.995609
1792.000000	0.996553
1794.000000	0.997524
1796.000000	0.998518
1798.000000	0.999527
1800.000000	1.000546
1802.000000	1.001568
1804.000000	1.002588
1806.000000	1.003598
1808.000000	1.004593
1810.000000	1.005565
1812.000000	1.006510
1814.000000	1.007421
1816.000000	1.008292
1818.000000	1.009118
1820.000000	1.009892
1822.000000	1.010611
1824.000000	1.011268
1826.000000	1.011861
1828.000000	1.012383
1830.000000	1.012832
1832.000000	1.013205
1834.000000	1.013499
1836.000000	1.013710
1838.000000	1.013838
1840.000000	1.013881
1842.000000	1.013838
1844.000000	1.013709
1846.000000	1.013493
1848.000000	1.013192
1850.000000	1.012807
1852.000000	1.012340
1854.000000	1.011792
1856.000000	1.011167
1858.000000	1.010468
1860.000000	1.009699
1862.000000	1.008864
1864.000000	1.007967
1866.000000	1.007014
1868.000000	1.006011
1870.000000	1.004962
1872.000000	1.003875
1874.000000	1.002755
1876.000000	1.001609
1878.000000	1.000445
1880.000000	0.999269
1882.000000	0.998088
1884.000000	0.996910
1886.000000	0.995742
1888.000000	0.994591
1890.000000	0.993465
1892.000000	0.992371
1894.000000	0.991315
1896.000000	0.990306
1898.000000	0.989348
1900.000000	0.988449
1902.000000	0.987614
1904.000000	0.986850
1906.000000	0.986161
1908.000000	0.985553
1910.000000	0.985030
1912.000000	0.984596
1914.000000	0.984254
1916.000000	0.984007
1918.000000	0.983858
1920.000000	0.983808
1922.000000	0.983858
1924.000000	0.984009
1926.000000	0.984261
1928.000000	0.984614
1930.000000	0.985065
1932.000000	0.985613
1934.000000	0.986255
1936.000000	0.986989
1938.000000	0.987810
1940.000000	0.988714
1942.000000	0.989697
1944.000000	0.990752
1946.000000	0.991874
1948.000000	0.993057
1950.000000	0.994294
1952.000000	0.995578
1954.000000	0.996901
1956.000000	0.998255
1958.000000	0.999632
1960.000000	1.001024
1962.000000	1.002423
1964.000000	1.003819
1966.000000	1.005205
1968.000000	1.006571
1970.000000	1.007909
1972.000000	1.009210
1974.000000	1.010466
1976.000000	1.011669
1978.000000	1.012810
1980.000000	1.013883
1982.000000	1.014879
1984.000000	1.015792
1986.000000	1.016615
1988.000000	1.017343
1990.000000	1.017969
1992.000000	1.018490
1994.000000	1.018900
1996.000000	1.019197
1998.000000	1.019376
2000.000000	1.019436
2002.000000	1.019376
2004.000000	1.019193
2006.000000	1.018889
2008.000000	1.018464
2010.000000	1.017919
2012.000000	1.017256
2014.000000	1.016479
2016.000000	1.015590
2018.000000	1.014595
2020.000000	1.013497
2022.000000	1.012304
2024.000000	1.011021
2026.000000	1.009655
2028.000000	1.008214
2030.000000	1.006705
2032.000000	1.005138
2034.000000	1.003522
2036.000000	1.001866
2038.000000	1.000180
2040.000000	0.998473
2042.000000	0.996757
2044.000000	0.995042
2046.000000	0.993338
2048.000000	0.991657
2050.000000	0.990008
2052.000000	0.988403
2054.000000	0.986852
2056.000000	0.985365
2058.000000	0.983952
2060.000000	0.982623
2062.000000	0.981388
2064.000000	0.980254
2066.000000	0.979230
2068.000000	0.978324
2070.000000	0.977543
2072.000000	0.976894
2074.000000	0.976381
2076.000000	0.976010
2078.000000	0.975786
2080.000000	0.975710
2082.000000	0.975786
2084.000000	0.976016
2086.000000	0.976398
2088.000000	0.976935
2090.000000	0.977623
2092.000000	0.978460
2094.000000	0.979445
2096.000000	0.980571
2098.000000	0.981835
2100.000000	0.983230
2102.000000	0.984749
2104.000000	0.986385
2106.000000	0.988129
2108.000000	0.989972
2110.000000	0.991904
2112.000000	0.993914
2114.000000	0.995990
2116.000000	0.998121
2118.000000	1.000294
2120.000000	1.002496
2122.000000	1.004715
2124.000000	1.006936
2126.000000	1.009146
2128.000000	1.011330
2130.000000	1.013476
2132.000000	1.015568
2134.000000	1.017594
2136.000000	1.019540
2138.000000	1.021391
2140.000000	1.023136
2142.000000	1.024762
2144.000000	1.026256
2146.000000	1.027608
2148.000000	1.028806
2150.000000	1.029841
2152.000000	1.030704
2154.000000	1.031386
2156.000000	1.031881
2158.000000	1.032181
2160.000000	1.032282
2162.000000	1.032180
2164.000000	1.031871
2166.000000	1.031355
2168.000000	1.030631
2170.000000	1.029700
2172.000000	1.028563
2174.000000	1.027224
2176.000000	1.025689
2178.000000	1.023962
2180.000000	1.022051
2182.000000	1.019965
2184.000000	1.017713
2186.000000	1.015305
2188.000000	1.012756
2190.000000	1.010076
2192.000000	1.007281
2194.000000	1.004385
2196.000000	1.001405
2198.000000	0.998357
2200.000000	0.995259
2202.000000	0.992130
2204.000000	0.988988
2206.000000	0.985853
2208.000000	0.982743
2210.000000	0.979680
2212.000000	0.976683
2214.000000	0.973773
2216.000000	0.970968
2218.000000	0.968290
2220.000000	0.965758
2222.000000	0.963391
2224.000000	0.961207
2226.000000	0.959225
2228.000000	0.957461
2230.000000	0.955932
2232.000000	0.954652
2234.000000	0.953637
2236.000000	0.952898
2238.000000	0.952448
2240.000000	0.952295
2242.000000	0.952450
2244.000000	0.952919
2246.000000	0.953707
2248.000000	0.954817
2250.000000	0.956252
2252.000000	0.958011
2254.000000	0.960093
2256.000000	0.962493
2258.000000	0.965205
2260.000000	0.968221
2262.000000	0.971532
2264.000000	0.975125
2266.000000	0.978986
2268.000000	0.983099
2270.000000	0.987447
2272.000000	0.992008
2274.000000	0.996763
2276.000000	1.001686
2278.000000	1.006753
2280.000000	1.011937
2282.000000	1.017209
2284.000000	1.022540
2286.000000	1.027896
2288.000000	1.033247
2290.000000	1.038558
2292.000000	1.043794
2294.000000	1.048920
2296.000000	1.053898
2298.000000	1.058693
2300.000000	1.063266
2302.000000	1.067579
2304.000000	1.071595
2306.000000	1.075275
2308.000000	1.078582
2310.000000	1.081478
2312.000000	1.083927
2314.000000	1.085891
2316.000000	1.087336
2318.000000	1.088228
2320.000000	1.088532
2322.000000	1.088217
2324.000000	1.087253
2326.000000	1.085611
2328.000000	1.083263
2330.000000	1.080185
2332.000000	1.076353
2334.000000	1.071747
2336.000000	1.066347
2338.000000	1.060138
2340.000000	1.053105
2342.000000	1.045238
2344.000000	1.036527
2346.000000	1.026967
2348.000000	1.016554
2350.000000	1.005289
2352.000000	0.993172
2354.000000	0.980211
2356.000000	0.966412
2358.000000	0.951788
2360.000000	0.936351
2362.000000	0.920119
2364.000000	0.903112
2366.000000	0.885350
2368.000000	0.866860
2370.000000	0.847668
2372.000000	0.827805
2374.000000	0.807304
2376.000000	0.786198
2378.000000	0.764525
2380.000000	0.742324
2382.000000	0.719636
2384.000000	0.696504
2386.000000	0.672971
2388.000000	0.649084
2390.000000	0.624890
2392.000000	0.600437
2394.000000	0.575775
2396.000000	0.550953
2398.000000	0.526022
2400.000000	0.501034
2402.000000	0.476039
2404.000000	0.451090
2406.000000	0.426236
2408.000000	0.401530
2410.000000	0.377021
2412.000000	0.352759
2414.000000	0.328792
2416.000000	0.305169
2418.000000	0.281936
2420.000000	0.259138
2422.000000	0.236818
2424.000000	0.215017
2426.000000	0.193776
2428.000000	0.173133
2430.000000	0.153123
2432.000000	0.133779
2434.000000	0.115132
2436.000000	0.097211
2438.000000	0.080042
2440.000000	0.063648
2442.000000	0.048049
2444.000000	0.033263
2446.000000	0.019305
2448.000000	0.006188
2450.000000	0.006081
2452.000000	0.017494
2454.000000	0.028049
2456.000000	0.037744
2458.000000	0.046583
2460.000000	0.054569
2462.000000	0.061712
2464.000000	0.068022
2466.000000	0.073512
2468.000000	0.078198
2470.000000	0.082098
2472.000000	0.085232
2474.000000	0.087624
2476.000000	0.089298
2478.000000	0.090281
2480.000000	0.090602
2482.000000	0.090292
2484.000000	0.089381
2486.000000	0.087904
2488.000000	0.085896
2490.000000	0.083391
2492.000000	0.080427
2494.000000	0.077040
2496.000000	0.073270
2498.000000	0.069153
2500.000000	0.064729
2502.000000	0.060037
2504.000000	0.055115
2506.000000	0.050001
2508.000000	0.044733
2510.000000	0.039349
2512.000000	0.033886
2514.000000	0.028378
2516.000000	0.022862
2518.000000	0.017370
2520.000000	0.011935
2522.000000	0.006589
2524.000000	0.001360
2526.000000	0.003723
2528.000000	0.008635
2530.000000	0.013349
2532.000000	0.017845
2534.000000	0.022100
2536.000000	0.026097
2538.000000	0.029818
2540.000000	0.033248
2542.000000	0.036375
2544.000000	0.039188
2546.000000	0.041678
2548.000000	0.043839
2550.000000	0.045667
2552.000000	0.047158
2554.000000	0.048313
2556.000000	0.049133
2558.000000	0.049620
2560.000000	0.049782
2562.000000	0.049623
2564.000000	0.049153
2566.000000	0.048383
2568.000000	0.047323
2570.000000	0.045987
2572.000000	0.044389
2574.000000	0.042546
2576.000000	0.040473
2578.000000	0.038188
2580.000000	0.035710
2582.000000	0.033058
2584.000000	0.030252
2586.000000	0.027312
2588.000000	0.024258
2590.000000	0.021113
2592.000000	0.017897
2594.000000	0.014630
2596.000000	0.011334
2598.000000	0.008030
2600.000000	0.004737
2602.000000	0.001476
2604.000000	0.001734
2606.000000	0.004875
2608.000000	0.007928
2610.000000	0.010877
2612.000000	0.013705
2614.000000	0.016398
2616.000000	0.018941
2618.000000	0.021322
2620.000000	0.023528
2622.000000	0.025550
2624.000000	0.027379
2626.000000	0.029005
2628.000000	0.030424
2630.000000	0.031629
2632.000000	0.032617
2634.000000	0.033386
2636.000000	0.033934
2638.000000	0.034262
2640.000000	0.034370
2642.000000	0.034263
2644.000000	0.033943
2646.000000	0.033417
2648.000000	0.032690
2650.000000	0.031771
2652.000000	0.030667
2654.000000	0.029388
2656.000000	0.027945
2658.000000	0.026349
2660.000000	0.024612
2662.000000	0.022747
2664.000000	0.020766
2666.000000	0.018684
2668.000000	0.016515
2670.000000	0.014273
2672.000000	0.011973
2674.000000	0.009630
2676.000000	0.007259
2678.000000	0.004874
2680.000000	0.002491
2682.000000	0.000124
2684.000000	0.002212
2686.000000	0.004505
2688.000000	0.006740
2690.000000	0.008904
2692.000000	0.010985
2694.000000	0.012972
2696.000000	0.014853
2698.000000	0.016619
2700.000000	0.018259
2702.000000	0.019766
2704.000000	0.021132
2706.000000	0.022350
2708.000000	0.023415
2710.000000	0.024322
2712.000000	0.025067
2714.000000	0.025648
2716.000000	0.026063
2718.000000	0.026312
2720.000000	0.026394
2722.000000	0.026312
2724.000000	0.026068
2726.000000	0.025665
2728.000000	0.025108
2730.000000	0.024401
2732.000000	0.023551
2734.000000	0.022564
2736.000000	0.021448
2738.000000	0.020212
2740.000000	0.018864
2742.000000	0.017413
2744.000000	0.015870
2746.000000	0.014245
2748.000000	0.012550
2750.000000	0.010794
2752.000000	0.008990
2754.000000	0.007149
2756.000000	0.005282
2758.000000	0.003402
2760.000000	0.001520
2762.000000	0.000352
2764.000000	0.002204
2766.000000	0.004023
2768.000000	0.005799
2770.000000	0.007522
2772.000000	0.009181
2774.000000	0.010767
2776.000000	0.012272
2778.000000	0.013686
2780.000000	0.015001
2782.000000	0.016212
2784.000000	0.017310
2786.000000	0.018292
2788.000000	0.019150
2790.000000	0.019883
2792.000000	0.020486
2794.000000	0.020956
2796.000000	0.021293
2798.000000	0.021495
2800.000000	0.021562
2802.000000	0.021495
2804.000000	0.021296
2806.000000	0.020967
2808.000000	0.020511
2810.000000	0.019933
2812.000000	0.019236
2814.000000	0.018427
2816.000000	0.017511
2818.000000	0.016494
2820.000000	0.015385
2822.000000	0.014189
2824.000000	0.012916
2826.000000	0.011574
2828.000000	0.010172
2830.000000	0.008718
2832.000000	0.007223
2834.000000	0.005696
2836.000000	0.004145
2838.000000	0.002582
2840.000000	0.001016
2842.000000	0.000544
2844.000000	0.002088
2846.000000	0.003607
2848.000000	0.005092
2850.000000	0.006533
2852.000000	0.007922
2854.000000	0.009252
2856.000000	0.010515
2858.000000	0.011702
2860.000000	0.012808
2862.000000	0.013827
2864.000000	0.014752
2866.000000	0.015579
2868.000000	0.016304
2870.000000	0.016923
2872.000000	0.017432
2874.000000	0.017831
2876.000000	0.018116
2878.000000	0.018287
2880.000000	0.018344
2882.000000	0.018287
2884.000000	0.018118
2886.000000	0.017838
2888.000000	0.017450
2890.000000	0.016957
2892.000000	0.016363
2894.000000	0.015672
2896.000000	0.014890
2898.000000	0.014021
2900.000000	0.013071
2902.000000	0.012047
2904.000000	0.010957
2906.000000	0.009805
2908.000000	0.008602
2910.000000	0.007353
2912.000000	0.006068
2914.000000	0.004754
2916.000000	0.003419
2918.000000	0.002072
2920.000000	0.000721
2922.000000	0.000625
2924.000000	0.001958
2926.000000	0.003271
2928.000000	0.004555
2930.000000	0.005802
2932.000000	0.007005
2934.000000	0.008158
2936.000000	0.009253
2938.000000	0.010283
2940.000000	0.011244
2942.000000	0.012129
2944.000000	0.012934
2946.000000	0.013654
2948.000000	0.014285
2950.000000	0.014824
2952.000000	0.015268
2954.000000	0.015616
2956.000000	0.015865
2958.000000	0.016014
2960.000000	0.016064
2962.000000	0.016014
2964.000000	0.015866
2966.000000	0.015621
2968.000000	0.015281
2970.000000	0.014849
2972.000000	0.014328
2974.000000	0.013721
2976.000000	0.013033
2978.000000	0.012269
2980.000000	0.011434
2982.000000	0.010533
2984.000000	0.009572
2986.000000	0.008558
2988.000000	0.007497
2990.000000	0.006395
2992.000000	0.005260
2994.000000	0.004100
2996.000000	0.002920
2998.000000	0.001729
3000.000000	0.000534
3002.000000	0.000657
3004.000000	0.001838
3006.000000	0.003001
3008.000000	0.004140
3010.000000	0.005246
3012.000000	0.006315
3014.000000	0.007338
3016.000000	0.008311
3018.000000	0.009227
3020.000000	0.010082
3022.000000	0.010869
3024.000000	0.011586
3026.000000	0.012227
3028.000000	0.012790
3030.000000	0.013271
3032.000000	0.013667
3034.000000	0.013977
3036.000000	0.014199
3038.000000	0.014333
3040.000000	0.014377
3042.000000	0.014333
3044.000000	0.014201
3046.000000	0.013981
3048.000000	0.013677
3050.000000	0.013289
3052.000000	0.012822
3054.000000	0.012278
3056.000000	0.011661
3058.000000	0.010975
3060.000000	0.010224
3062.000000	0.009415
3064.000000	0.008551
3066.000000	0.007638
3068.000000	0.006683
3070.000000	0.005692
3072.000000	0.004670
3074.000000	0.003624
3076.000000	0.002560
3078.000000	0.001486
3080.000000	0.000408
3082.000000	0.000668
3084.000000	0.001734
3086.000000	0.002785
3088.000000	0.003814
3090.000000	0.004815
3092.000000	0.005781
3094.000000	0.006707
3096.000000	0.007588
3098.000000	0.008418
3100.000000	0.009192
3102.000000	0.009906
3104.000000	0.010556
3106.000000	0.011138
3108.000000	0.011649
3110.000000	0.012085
3112.000000	0.012445
3114.000000	0.012727
3116.000000	0.012929
3118.000000	0.013051
3120.000000	0.013091
3122.000000	0.013051
3124.000000	0.012930
3126.000000	0.012730
3128.000000	0.012453
3130.000000	0.012100
3132.000000	0.011673
3134.000000	0.011177
3136.000000	0.010614
3138.000000	0.009988
3140.000000	0.009302
3142.000000	0.008563
3144.000000	0.007773
3146.000000	0.006939
3148.000000	0.006065
3150.000000	0.005158
3152.000000	0.004222
3154.000000	0.003265
3156.000000	0.002291
3158.000000	0.001307
3160.000000	0.000318
3162.000000	0.000668
3164.000000	0.001646
3166.000000	0.002611
3168.000000	0.003555
3170.000000	0.004474
3172.000000	0.005361
3174.000000	0.006213
3176.000000	0.007022
3178.000000	0.007785
3180.000000	0.008497
3182.000000	0.009154
3184.000000	0.009753
3186.000000	0.010288
3188.000000	0.010759
3190.000000	0.011161
3192.000000	0.011493
3194.000000	0.011752
3196.000000	0.011939
3198.000000	0.012051
3200.000000	0.012088
3202.000000	0.012051
3204.000000	0.011940
3206.000000	0.011755
3208.000000	0.011498
3210.000000	0.011172
3212.000000	0.010778
3214.000000	0.010319
3216.000000	0.009798
3218.000000	0.009218
3220.000000	0.008584
3222.000000	0.007899
3224.000000	0.007167
3226.000000	0.006394
3228.000000	0.005585
3230.000000	0.004743
3232.000000	0.003876
3234.000000	0.002987
3236.000000	0.002083
3238.000000	0.001170
3240.000000	0.000252
3242.000000	0.000664
3244.000000	0.001573
3246.000000	0.002469
3248.000000	0.003347
3250.000000	0.004202
3252.000000	0.005027
3254.000000	0.005819
3256.000000	0.006573
3258.000000	0.007283
3260.000000	0.007947
3262.000000	0.008559
3264.000000	0.009116
3266.000000	0.009615
3268.000000	0.010054
3270.000000	0.010429
3272.000000	0.010739
3274.000000	0.010981
3276.000000	0.011155
3278.000000	0.011260
3280.000000	0.011294
3282.000000	0.011260
3284.000000	0.011155
3286.000000	0.010983
3288.000000	0.010743
3290.000000	0.010438
3292.000000	0.010069
3294.000000	0.009640
3296.000000	0.009152
3298.000000	0.008609
3300.000000	0.008015
3302.000000	0.007374
3304.000000	0.006688
3306.000000	0.005964
3308.000000	0.005205
3310.000000	0.004416
3312.000000	0.003602
3314.000000	0.002769
3316.000000	0.001921
3318.000000	0.001063
3320.000000	0.000201
3322.000000	0.000659
3324.000000	0.001513
3326.000000	0.002355
3328.000000	0.003180
3330.000000	0.003983
3332.000000	0.004760
3334.000000	0.005504
3336.000000	0.006213
3338.000000	0.006882
3340.000000	0.007506
3342.000000	0.008082
3344.000000	0.008607
3346.000000	0.009078
3348.000000	0.009491
3350.000000	0.009844
3352.000000	0.010136
3354.000000	0.010365
3356.000000	0.010529
3358.000000	0.010627
3360.000000	0.010660
3362.000000	0.010627
3364.000000	0.010529
3366.000000	0.010366
3368.000000	0.010140
3370.000000	0.009851
3372.000000	0.009503
3374.000000	0.009097
3376.000000	0.008636
3378.000000	0.008123
3380.000000	0.007561
3382.000000	0.006954
3384.000000	0.006306
3386.000000	0.005620
3388.000000	0.004902
3390.000000	0.004155
3392.000000	0.003384
3394.000000	0.002595
3396.000000	0.001791
3398.000000	0.000978
3400.000000	0.000162
3402.000000	0.000654
3404.000000	0.001464
3406.000000	0.002263
3408.000000	0.003045
3410.000000	0.003808
3412.000000	0.004545
3414.000000	0.005252
3416.000000	0.005925
3418.000000	0.006560
3420.000000	0.007153
3422.000000	0.007700
3424.000000	0.008199
3426.000000	0.008646
3428.000000	0.009039
3430.000000	0.009375
3432.000000	0.009653
3434.000000	0.009870
3436.000000	0.010026
3438.000000	0.010120
3440.000000	0.010152
3442.000000	0.010120
3444.000000	0.010027
3446.000000	0.009872
3448.000000	0.009656
3450.000000	0.009381
3452.000000	0.009049
3454.000000	0.008662
3456.000000	0.008222
3458.000000	0.007733
3460.000000	0.007197
3462.000000	0.006618
3464.000000	0.005999
3466.000000	0.005344
3468.000000	0.004658
3470.000000	0.003945
3472.000000	0.003209
3474.000000	0.002455
3476.000000	0.001687
3478.000000	0.000910
3480.000000	0.000129
3482.000000	0.000651
3484.000000	0.001425
3486.000000	0.002189
3488.000000	0.002938
3490.000000	0.003667
3492.000000	0.004373
3494.000000	0.005050
3496.000000	0.005694
3498.000000	0.006302
3500.000000	0.006870
3502.000000	0.007395
3504.000000	0.007873
3506.000000	0.008301
3508.000000	0.008678
3510.000000	0.009000
3512.000000	0.009266
3514.000000	0.009475
3516.000000	0.009625
3518.000000	0.009715
3520.000000	0.009745
3522.000000	0.009715
3524.000000	0.009625
3526.000000	0.009476
3528.000000	0.009269
3530.000000	0.009005
3532.000000	0.008686
3534.000000	0.008314
3536.000000	0.007891
3538.000000	0.007421
3540.000000	0.006905
3542.000000	0.006348
3544.000000	0.005753
3546.000000	0.005124
3548.000000	0.004463
3550.000000	0.003777
3552.000000	0.003068
3554.000000	0.002342
3556.000000	0.001603
3558.000000	0.000854
3560.000000	0.000102
3562.000000	0.000649
3564.000000	0.001395
3566.000000	0.002132
3568.000000	0.002854
3570.000000	0.003557
3572.000000	0.004237
3574.000000	0.004890
3576.000000	0.005512
3578.000000	0.006099
3580.000000	0.006647
3582.000000	0.007153
3584.000000	0.007615
3586.000000	0.008028
3588.000000	0.008392
3590.000000	0.008703
3592.000000	0.008960
3594.000000	0.009162
3596.000000	0.009307
3598.000000	0.009394
3600.000000	0.009423
3602.000000	0.009394
3604.000000	0.009307
3606.000000	0.009163
3608.000000	0.008962
3610.000000	0.008707
3612.000000	0.008398
3614.000000	0.008038
3616.000000	0.007629
3618.000000	0.007173
3620.000000	0.006674
3622.000000	0.006135
3624.000000	0.005558
3626.000000	0.004948
3628.000000	0.004308
3630.000000	0.003643
3632.000000	0.002956
3634.000000	0.002252
3636.000000	0.001535
3638.000000	0.000809
3640.000000	0.000079
3642.000000	0.000650
3644.000000	0.001374
3646.000000	0.002089
3648.000000	0.002790
3650.000000	0.003472
3652.000000	0.004133
3654.000000	0.004767
3656.000000	0.005371
3658.000000	0.005941
3660.000000	0.006474
3662.000000	0.006966
3664.000000	0.007414
3666.000000	0.007817
3668.000000	0.008170
3670.000000	0.008473
3672.000000	0.008723
3674.000000	0.008919
3676.000000	0.009060
3678.000000	0.009145
3680.000000	0.009173
3682.000000	0.009145
3684.000000	0.009060
3686.000000	0.008920
3688.000000	0.008725
3690.000000	0.008476
3692.000000	0.008175
3694.000000	0.007824
3696.000000	0.007425
3698.000000	0.006981
3700.000000	0.006495
3702.000000	0.005969
3704.000000	0.005406
3706.000000	0.004811
3708.000000	0.004187
3710.000000	0.003538
3712.000000	0.002868
3714.000000	0.002180
3716.000000	0.001480
3718.000000	0.000772
3720.000000	0.000059
3722.000000	0.000653
3724.000000	0.001360
3726.000000	0.002059
3728.000000	0.002743
3730.000000	0.003411
3732.000000	0.004056
3734.000000	0.004676
3736.000000	0.005267
3738.000000	0.005824
3740.000000	0.006345
3742.000000	0.006827
3744.000000	0.007265
3746.000000	0.007659
3748.000000	0.008005
3750.000000	0.008302
3752.000000	0.008546
3754.000000	0.008738
3756.000000	0.008876
3758.000000	0.008959
3760.000000	0.008987
3762.000000	0.008959
3764.000000	0.008876
3766.000000	0.008739
3768.000000	0.008547
3770.000000	0.008303
3772.000000	0.008009
3774.000000	0.007665
3776.000000	0.007273
3778.000000	0.006838
3780.000000	0.006360
3782.000000	0.005844
3784.000000	0.005292
3786.000000	0.004708
3788.000000	0.004096
3790.000000	0.003458
3792.000000	0.002800
3794.000000	0.002125
3796.000000	0.001437
3798.000000	0.000741
3800.000000	0.000041
3802.000000	0.000659
3804.000000	0.001354
3806.000000	0.002041
3808.000000	0.002714
3810.000000	0.003370
3812.000000	0.004005
3814.000000	0.004615
3816.000000	0.005196
3818.000000	0.005744
3820.000000	0.006257
3822.000000	0.006731
3824.000000	0.007163
3826.000000	0.007550
3828.000000	0.007891
3830.000000	0.008183
3832.000000	0.008424
3834.000000	0.008613
3836.000000	0.008749
3838.000000	0.008831
3840.000000	0.008858
3842.000000	0.008831
3844.000000	0.008749
3846.000000	0.008613
3848.000000	0.008425
3850.000000	0.008184
3852.000000	0.007893
3854.000000	0.007554
3856.000000	0.007168
3858.000000	0.006738
3860.000000	0.006267
3862.000000	0.005757
3864.000000	0.005212
3866.000000	0.004636
3868.000000	0.004030
3870.000000	0.003401
3872.000000	0.002751
3874.000000	0.002084
3876.000000	0.001404
3878.000000	0.000716
3880.000000	0.000024
3882.000000	0.000668
3884.000000	0.001355
3886.000000	0.002034
3888.000000	0.002700
3890.000000	0.003349
3892.000000	0.003977
3894.000000	0.004581
3896.000000	0.005155
3898.000000	0.005698
3900.000000	0.006206
3902.000000	0.006675
3904.000000	0.007103
3906.000000	0.007486
3908.000000	0.007824
3910.000000	0.008113
3912.000000	0.008352
3914.000000	0.008539
3916.000000	0.008674
3918.000000	0.008755
3920.000000	0.008782
3922.000000	0.008755
3924.000000	0.008674
3926.000000	0.008540
3928.000000	0.008352
3930.000000	0.008114
3932.000000	0.007825
3934.000000	0.007488
3936.000000	0.007105
3938.000000	0.006679
3940.000000	0.006211
3942.000000	0.005705
3944.000000	0.005164
3946.000000	0.004591
3948.000000	0.003990
3950.000000	0.003364
3952.000000	0.002718
3954.000000	0.002055
3956.000000	0.001380
3958.000000	0.000696
3960.000000	0.000008
3962.000000	0.000680
3964.000000	0.001364
3966.000000	0.002039
3968.000000	0.002701
3970.000000	0.003347
3972.000000	0.003972
3974.000000	0.004573
3976.000000	0.005145
3978.000000	0.005685
3980.000000	0.006191
3982.000000	0.006658
3984.000000	0.007084
3986.000000	0.007466
3988.000000	0.007802
3990.000000	0.008090
3992.000000	0.008328
3994.000000	0.008515
3996.000000	0.008649
3998.000000	0.008730
4000.000000	0.008757
